"Kategorija";"Od";"Do";"Dolzina";"Vsa vozila"
"AC";"MP ŠENTILJ";"POEIVALIŠEE ŠENTILJ";"482";"23710"
"AC";"POEIVALIŠEE ŠENTILJ";"ŠENTILJ";"655";"23260"
"AC";"PRIKLJ.ŠENTILJ";"MP ŠENTILJ";"1646";"450"
"AC";"ŠENTILJ";"PESNICA";"9761";"28598"
"AC";"PESNICA";"DRAGUEOVA";"2570";"28800"
"AC";"DRAGUEOVA";"MB (ZRKOVSKA)";"4452";"37020"
"AC";"MB (ZRKOVSKA)";"MB (PTUJSKA)";"3318";"37200"
"AC";"MB (PTUJSKA)";"ROGOZA";"2590";"43826"
"AC";"ROGOZA";"SLIVNICA";"2267";"41500"
"AC";"SLIVNICA";"FRAM";"1910";"46157"
"AC";"PRIKLJ. FRAM";"MB";"1000";"6815"
"AC";"PRIKLJ. FRAM";"CE";"368";"2667"
"AC";"FRAM";"SL.BISTRICA-SEVER";"6785";"42009"
"AC";"SL.BISTRICA";"SEVER-JUG";"2948";"43736"
"AC";"PRIKLJ. SL. BISTRICA J.";"MB";"400";"9700"
"AC";"PRIKLJ. SL. BISTRICA J";"CE";"1238";"4500"
"AC";"SL.BISTRICA";"SL.KONJICE";"9119";"38536"
"AC";"PRIKLJ. SL. KONJICE";"MB";"900";"5200"
"AC";"PRIKLJ. SL. KONJICE";"CE";"890";"3754"
"AC";"SL.KONJICE";"DRAMLJE";"10886";"37090"
"AC";"PRIKLJ. DRAMLJE";"MB";"600";"2139"
"AC";"PRIKLJ. DRAMLJE";"CE";"515";"5219"
"AC";"DRAMLJE";"LJUBEENA";"6436";"40170"
"AC";"LJUBEENA";"CELJE";"2001";"41400"
"AC";"CELJE";"CELJE ZAHOD";"5261";"44500"
"AC";"CELJE ZAHOD";"ARJA VAS";"2249";"49800"
"AC";"ARJA VAS";"ŠEMPETER";"7511";"45286"
"AC";"ŠEMPETER";"ŠENTRUPERT";"2141";"43700"
"AC";"ŠENTRUPERT";"VRANSKO";"7899";"42090"
"AC";"VRANSKO";"TROJANE";"9940";"39500"
"AC";"TROJANE";"BLAGOVICA";"8683";"42665"
"AC";"PRIKLJ.BLAGOVICA";"CE";"200";"270"
"AC";"PRIKLJ. BLAGOVICA";"LJ";"329";"1094"
"AC";"BLAGOVICA";"LUKOVICA";"8821";"43489"
"AC";"LUKOVICA";"KRTINA";"3644";"45000"
"AC";"KRTINA";"DOMŽALE";"3485";"49150"
"AC";"DOMŽALE";"ŠENTJAKOB";"5402";"57409"
"AC";"ŠENTJAKOB";"SNEBERJE";"1159";"70500"
"AC";"SNEBERJE";"LJ (ZADOBRAVA)";"386";"72564"
"AC";"LJ (ZADOBRAVA)";"R LJ ZADOBROVA";"1321";"36616"
"AC";"R LJ ZADOBROVA";"IND. CONA MOSTE";"536";"80500"
"AC";"LJ (IND. CONA MOSTE)";"LJ (ZALOŠKA)";"794";"79500"
"AC";"LJ (ZALOŠKA)";"LJ (LITIJSKA)";"1277";"70000"
"AC";"LJ (LITIJSKA)";"LJ (MALENCE)";"3460";"66380"
"AC";"LJ (LITIJSKA)";"LJ (MALENCE)";"519";"43000"
"AC";"LJ (MALENCE)";"LJ (DOLENJSKA C.)";"456";"77500"
"AC";"LJ (DOLENJSKA)";"LJ (PERUZIJEVA)";"2098";"67000"
"AC";"LJ (PERUZIJEVA)";"LJ (BARJANSKA)";"1845";"70633"
"AC";"LJ (BARJANSKA)";"LJ (VIE)";"2758";"68000"
"AC";"LJ (VIE)";"LJ (KOZARJE)";"794";"77600"
"AC";"LJ (KOZARJE)";"LJ (RAZEP KOZARJE)";"838";"39600"
"AC";"LJ (RAZEP KOZARJE)";"BREZOVICA";"1570";"77700"
"AC";"BREZOVICA";"VRHNIKA";"12424";"65477"
"AC";"PRIKLJ. VRHNIKA";"LJ";"1120";"12200"
"AC";"PRIKLJ. VRHNIKA";"KP";"261";"3723"
"AC";"VRHNIKA";"LOGATEC";"8279";"57000"
"AC";"LOGATEC";"UNEC";"10422";"51687"
"AC";"PRIKLJ. UNEC";"LJ";"404";"5100"
"AC";"PRIKLJ. UNEC";"KP";"384";"2400"
"AC";"UNEC";"POSTOJNA";"11375";"48987"
"AC";"PRIKLJ. POSTOJNA";"LJ";"900";"10000"
"AC";"PRIKLJ. POSTOJNA";"KP";"278";"4500"
"AC";"POSTOJNA";"RAZDRTO";"9581";"43487"
"AC";"RAZDRTO";"NANOS";"1601";"44037"
"AC";"PRIKLJ. RAZDRTO";"LJ";"250";"1100"
"AC";"PRIKLJ. RAZDRTO";"KP";"448";"1650"
"AC";"NANOS";"SENOŽEEE";"5458";"33164"
"AC";"SENOŽEEE";"GABRK";"4384";"33806"
"AC";"GABRK";"DIVAEA";"2873";"25089"
"AC";"DIVAEA";"KOZINA";"7151";"25747"
"AC";"PRIKLJ. KOZINA";"LJ";"700";"3657"
"AC";"PRIKLJ. KOZINA";"KP";"1495";"3808"
"AC";"KOZINA";"KASTELEC";"8598";"25898"
"AC";"KASTELEC";"ERNI KAL";"3220";"26100"
"AC";"ERNI KAL";"RAZCEP SERMIN";"6662";"26487"
"AC";"RAZCEP SERMIN";"H5";"454";"25000"
"AC";"MP KARAVANKE";"HRUŠICA";"5361";"11566"
"AC";"HRUŠICA";"LIPCE";"7154";"17800"
"AC";"LIPCE";"LESCE";"7950";"23889"
"AC";"PRIKLJ. LESCE";"JESENICE";"545";"5428"
"AC";"PRIKLJ. LESCE";"KRANJ";"588";"12244"
"AC";"LESCE";"RADOVLJICA";"3780";"30705"
"AC";"RADOVLJICA";"BREZJE";"2933";"36400"
"AC";"BREZJE";"PODTABOR";"5002";"37800"
"AC";"PODTABOR";"NAKLO";"3567";"48000"
"AC";"NAKLO";"KRANJ Z";"3746";"43700"
"AC";"KRANJ Z";"KRANJ V";"5674";"40000"
"AC";"KRANJ V";"BRNIK";"3900";"44500"
"AC";"BRNIK";"VODICE";"5246";"49271"
"AC";"VODICE";"LJ ( ŠMARTNO)";"6968";"55454"
"AC";"LJ (ŠMARTNO)";"LJ (BROD)";"2374";"58000"
"AC";"LJ (BROD)";"LJ (ŠENTVID)";"510";"56400"
"AC";"LJ (ŠENTVID)";"LJ (PODUTIK)";"3057";"54425"
"AC";"LJ (PODUTIK)";"LJ (KOSEZE)";"402";"52300"
"AC";"RAZCEP KOSEZE";"KOSEZE";"673";"38700"
"AC";"LJ (KOSEZE)";"LJ (BRDO)";"1088";"86700"
"AC";"LJ (BRDO)";"LJ (KOZARJE)";"1700";"75925"
"AC";"LJ (KOZARJE)";"RAZCEP KOZARJE";"692";"38000"
"AC";"LJ (MALENCE)";"RAZCEP MALENCE";"484";"34500"
"AC";"RAZCEP MALENCE";"ŠMARJE-SAP";"5554";"56831"
"AC";"PRIKLJ. ŠMARJE";"SAP NM";"926";"2800"
"AC";"ŠMARJE SAP";"CIKAVA";"1779";"56100"
"AC";"CIKAVA";"GROSUPLJE";"2094";"46200"
"AC";"GROSUPLJE";"VIŠNJA GORA";"6740";"43000"
"AC";"VIŠNJA GORA";"IVANENA GORICA";"6321";"41314"
"AC";"IVANENA GORICA";"BIE";"6889";"31969"
"AC";"BIE";"TREBNJE Z";"7403";"31300"
"AC";"TREBNJE Z";"TREBNJE V";"6980";"26500"
"AC";"TREBNJE V";"PRIKLJ. MIRNA PEE";"4557";"30200"
"AC";"PRIKLJ. MIRNA PEE";"NM PRIKLJ. Z";"6288";"29680"
"AC";"NM PRIKLJ. Z";"NM PRIKLJ. V";"2323";"24000"
"AC";"NM PRIKLJ.V";"KRONOVO";"6338";"25600"
"AC";"KRONOVO";"DOBRUŠKA VAS";"6040";"24050"
"AC";"DOBRUŠKA VAS";"SMEDNIK";"5896";"22000"
"AC";"SMEDNIK";"DRNOVO";"7758";"21480"
"AC";"PRIKLJ. DRNOVO";"NM";"2300";"5373"
"AC";"PRIKLJ. DRNOVO";"EATEŽ";"544";"2135"
"AC";"DRNOVO";"BREŽICE";"11717";"18242"
"AC";"BREŽICE";"PRIKLJ. OBREŽJE";"7008";"16500"
"AC";"PRIKLJ. OBREŽJE";"OBREŽJE TERMINAL";"963";"15000"
"AC";"OBREŽJE TERMINAL";"MP OBREŽJE";"563";"12650"
"AC";"GABRK";"SEŽANA V";"7977";"13796"
"AC";"SEŽANA V";"SEŽANA Z";"2698";"11000"
"AC";"SEŽANA Z";"FERNETIEI";"950";"10384"
"AC";"FERNETIEI";"MP FERNETIEI";"621";"21300"
"AC";"SLIVNICA";"LETALIŠEE MB";"2365";"23500"
"AC";"LETALIŠEE MB";"MARJETA";"4359";"23200"
"AC";"MARJETA";"ZLATOLIEJE";"4769";"22154"
"AC";"ZLATOLIEJE";"HAJDINA";"4067";"21600"
"AC";"HAJDINA";"DRAŽENCI";"4510";"20200"
"AC";"PODLEHNIK";"GRUŠKOVJE";"8634";"10300"
"AC";"DRAGUEOVA";"PERNICA";"6174";"27600"
"AC";"PERNICA";"LENART";"5152";"26847"
"AC";"PRIKLJ.PERNICA";"MB";"220";"1477"
"AC";"PRIKLJ.PERNICA";"MS";"220";"724"
"AC";"LENART";"SV.TROJICA";"5018";"21000"
"AC";"SV. TROJICA";"PRIKLJ. CERKVENJAK";"4560";"19500"
"AC";"PRIKLJ. CERKVENJAK";"SV. JURIJ OB ŠEAVNICI";"7960";"18500"
"AC";"SV.JURIJ OB ŠEAVNICI";"VUEJA VAS";"8499";"17360"
"AC";"PRIKLJ. VUEJA VAS";"MB";"400";"2092"
"AC";"PRIKLJ. VUEJA VAS";"MS";"436";"1594"
"AC";"VUEJA VAS";"MURSKA SOBOTA";"6577";"16862"
"AC";"PRIKLJ. MURSKA SOBOTA";"MB";"2417";"4546"
"AC";"PRIKLJ. MURSKA SOBOTA";"LENDAVA";"391";"1888"
"AC";"MURSKA SOBOTA";"LIPOVCI";"3798";"16862"
"AC";"LIPOVCI";"GANEANI";"4290";"13300"
"AC";"GANEANI";"TURNIŠEE";"5245";"13500"
"AC";"TURNIŠEE";"DOLGA VAS";"9628";"13100"
"AC";"DOLGA VAS";"LENDAVA";"3964";"11358"
"AC";"PRIKLJ. LENDAVA";"MS";"286";"3992"
"AC";"PRIKLJ. LENDAVA";"PINCE";"394";"289"
"AC";"LENDAVA";"PINCE";"8432";"7668"
"AC";"PINCE";"MP PINCE";"277";"7300"
"HC";"PESNICA";"PRIKLJ. PESNICA";"209";"21800"
"HC";"PRIKLJ. PESNICA";"MARIBOR";"4307";"21373"
"HC";"MB(MELJSKA)";"POBREŽJE";"1534";"25800"
"HC";"POBREŽJE";"MB(TEZNO)";"1150";"28228"
"HC";"LJ (ZADOBROVA)";"LJ (LESKOVŠKOVA C.)";"920";"70248"
"HC";"LJ (LESKOŠKOVA C.)";"LJ (ŠMARTINSKA)";"591";"53034"
"HC";"LJ (ŠMARTINSKA)";"LJ (TOMAEEVO)";"2084";"71200"
"HC";"LJ (TOMAEEVO)";"LJ (DUNAJSKA)";"1238";"73000"
"HC";"LJ (DUNAJSKA)";"LJ (SAVLJE)";"948";"72100"
"HC";"LJ (SAVLJE)";"LJ (IND. CONA ŠIŠKA)";"1240";"68448"
"HC";"LJ (IND. CONA ŠIŠKA)";"LJ (CELOVŠKA)";"466";"74900"
"HC";"LJ (CELOVŠKA)";"LJ (VODNIKOVA)";"666";"66500"
"HC";"LJ (VODNIKOVA)";"LJ (PODUTIK)";"811";"61856"
"HC";"LJ (PODUTIK)";"LJ (KOSEZE)";"1258";"46800"
"HC";"VIPAVA";"AJDOVŠEINA";"6763";"16200"
"HC";"AJDOVŠEINA";"SELO";"9174";"16400"
"HC";"PRIKLJ. SELO";"AJDOVŠEINA";"150";"1800"
"HC";"PRIKLJ.SELO";"VRTOJBA";"172";"1600"
"HC";"SELO";"VOGRSKO";"6726";"16200"
"HC";"VOGRSKO";"ŠEMPETER";"4776";"12698"
"HC";"ŠEMPETER";"VRTOJBA";"1625";"10001"
"HC";"VRTOJBA";"MP VRTOJBA";"613";"11915"
"HC";"MP ŠKOFIJE";"PLAVJE";"552";"17000"
"HC";"PLAVJE";"ŠKOFIJE";"1577";"13436"
"HC";"ŠKOFIJE";"PRIKLJ. SERMIN";"833";"17300"
"HC";"PRIKLJ. SERMIN";"SERMIN (A1)";"1194";"21600"
"HC";"PRIKLJUEEK PLAVJE";"KP";"100";"580"
"HC";"PRIKLJUEEK PLAVJE";"MP";"46";"4200"
"HC";"SERMIN";"BERTOKI";"1129";"45200"
"HC";"BERTOKI";"KP(ŠKOCJAN)";"2548";"44568"
"HC";"KOPER (SLAVEEK)";"KOPER (SEMEDELA)";"1120";"41200"
"HC";"KOPER (SEMEDELA)";"IZOLA";"4116";"27500"
"HC";"A5";"DOLGA VAS";"1502";"5450"
"HC";"DOLGA VAS";"RONDO DOLGA VAS";"2024";"4345"
"G1";"MP VIE";"DRAVOGRAD";"3590";"2848"
"G1";"DRAVOGRAD";"RADLJE";"16005";"7870"
"G1";"RADLJE";"BREZNO";"9127";"4789"
"G1";"BREZNO";"RUTA";"9569";"4475"
"G1";"RUTA";"SELNICA";"10500";"4895"
"G1";"SELNICA";"MB(OTOK)";"8720";"8819"
"G1";"MB (OTOK)";"MB (KOROŠKI MOST)";"1468";"14231"
"G1";"MB (KOR. MOST)";"MB (C. PROLE. BRIGAD)";"2014";"24199"
"G1";"MB (C. PROLE. BRIGAD)";"MB (TRŽAŠKA C.)";"2227";"27000"
"G1";"MB (TRŽAŠKA)";"MIKLAVŽ";"3532";"21811"
"G1";"SL.BISTRICA";"PRAGERSKO";"3925";"8800"
"G1";"PRAGERSKO";"ŠIKOLE";"5323";"5589"
"G1";"ŠIKOLE";"KIDRIEEVO";"6850";"6557"
"G1";"KIDRIEEVO";"HAJDINA";"1100";"11653"
"G1";"PTUJ(TURNIŠEE)";"PTUJ(BUDINA)";"1642";"25525"
"G1";"PTUJ";"SPUHLJA";"2226";"13919"
"G1";"SPUHLJA";"GORIŠNICA";"8030";"8309"
"G1";"GORIŠNICA";"ORMOŽ";"9658";"5926"
"G1";"ORMOŽ Z";"ORMOŽ V";"3020";"3655"
"G1";"ORMOŽ";"SREDIŠEE OB DRAVI";"9000";"2673"
"G1";"SREDIŠEE OB DRAVI";"MP SRED.";"2855";"971"
"G1";"DRAVOGRAD";"OTIŠKI VRH";"1448";"13643"
"G1";"OTIŠKI VRH";"SL.GRADEC";"9170";"10279"
"G1";"SL.GRADEC";"LUŽNIK";"6600";"12766"
"G1";"LUŽNIK";"GORNJI DOLIE";"6297";"9596"
"G1";"GORNJI DOLIE";"VELENJE";"11476";"9501"
"G1";"VELENJE";"ERNOVA";"7427";"17723"
"G1";"ERNOVA";"ARJA VAS";"7014";"14593"
"G1";"PRIKLJ. CELJE Z";"MEDLOG";"3613";"6617"
"G1";"MEDLOG";"CELJE";"3242";"13373"
"G1";"CELJE";"CE(POLULE)";"2000";"19400"
"G1";"CE (POLULE)";"LAŠKO";"9000";"14492"
"G1";"LAŠKO";"ŠMARJETA";"6325";"9519"
"G1";"ŠMARJETA";"RIMSKE TOPLICE";"1050";"6946"
"G1";"RIM.TOPLICE";"ZIDANI MOST";"6750";"5331"
"G1";"ZIDANI MOST";"RADEEE";"2997";"6759"
"G1";"RADEEE";"BOŠTANJ";"11249";"5315"
"G1";"BOŠTANJ";"IMPOLJCA";"4490";"5983"
"G1";"IMPOLJCA";"BRESTANICA";"9790";"4804"
"G1";"BRESTANICA";"KRŠKO";"3900";"8305"
"G1";"KRŠKO";"LESKOVEC";"2620";"12513"
"G1";"LESKOVEC";"DRNOVO";"2305";"10919"
"G1";"POSTOJNA";"PIVKA";"10260";"12674"
"G1";"PIVKA";"RIBNICA";"9945";"3874"
"G1";"RIBNICA";"PREM";"4215";"4443"
"G1";"PREM";"IL.BISTRICA";"6227";"5000"
"G1";"IL.BISTRICA";"DOLNJI ZEMON";"2800";"8147"
"G1";"DOLNJI ZEMON";"MP JELŠANE";"7161";"5000"
"G1";"MP STAROD";"PODGRAD";"6561";"5003"
"G1";"PODGRAD";"OBROV";"5900";"7050"
"G1";"OBROV";"KOZINA";"14500";"7443"
"G1";"KOZINA";"MP KOZINA";"3340";"6047"
"G1";"LJ(ŠENTVID)";"LJ(OBVOZNICA)";"2900";"40032"
"G1";"KOPER";"ŠMARJE";"6000";"16359"
"G1";"ŠMARJE";"DRAGONJA";"7650";"10974"
"G1";"DRAGONJA";"MP DRAGONJA";"1074";"9086"
"G1";"SLAVEEK";"KOPER";"700";"35000"
"G1";"KOPER";"ŠKOCJANSKI ZATOK";"1070";"15500"
"G1";"ŠKOCJANSKI ZATOK";"LUKA KOPER";"654";"5000"
"G2";"MP LJUBELJ";"BISTRICA(TRŽIE)";"12500";"2595"
"G2";"BISTRICA(TRŽIE)";"ZVIREE";"3280";"9979"
"G2";"ZVIREE";"PODTABOR";"1228";"9500"
"G2";"MP ROBIE";"ROBIE";"4800";"1049"
"G2";"ROBIE";"STARO SELO";"802";"2058"
"G2";"STARO SELO";"KOBARID";"3320";"2800"
"G2";"KOBARID";"IDRSKO";"2200";"4460"
"G2";"IDRSKO";"PERŠETI";"11715";"4792"
"G2";"PERŠETI";"MOST NA SOEI";"7334";"4465"
"G2";"MOST NA SOEI";"BAEA";"2205";"5200"
"G2";"BAEA";"DOL. TREBUŠA";"8550";"2395"
"G2";"DOL TREBUŠA";"ŽELIN";"13118";"1650"
"G2";"ŽELIN";"SP. IDRIJA(MAROF)";"11300";"2528"
"G2";"SP. IDRIJA";"GODOVIE";"13277";"4221"
"G2";"GODOVIE";"KALCE";"11233";"4034"
"G2";"KALCE";"LOGATEC";"3490";"6397"
"G2";"LOGATEC";"PRIKLJ. LOGATEC";"1672";"10284"
"G2";"PERŠETI";"UŠNIK";"4015";"3800"
"G2";"UŠNIK";"KANAL";"12580";"3761"
"G2";"KANAL";"PLAVE";"7490";"6312"
"G2";"PLAVE";"SOLKAN";"10070";"7074"
"G2";"KROMBERK";"ROŽNA DOLINA";"2589";"23992"
"G2";"NG(R. DOLINA)";"ŠEMPETER";"2315";"11805"
"G2";"KRANJ";"LETALIŠEE BRNIK";"6000";"25890"
"G2";"LETALIŠEE BRNIK";"SP.BRNIK";"2453";"10008"
"G2";"SP.BRNIK";"MOSTE";"5953";"9368"
"G2";"MOSTE";"MENGEŠ";"3900";"10516"
"G2";"MENGEŠ (KAMNIŠKA C.)";"MENGEŠ (KOLODVORSKA C.)";"802";"9000"
"G2";"MENGEŠ (KOLODVORSKA C.)";"LOKA";"1975";"10356"
"G2";"LOKA";"TRZIN";"2555";"16749"
"G2";"TRZIN";"LJ(ERNUEE)";"3687";"33525"
"G2";"LJ (ERNUEE)";"LJ (BRNEIEEVA)";"890";"32585"
"G2";"LJ (BRNEIEEVA)";"LJ (TOMAEEVO)";"1980";"40500"
"G2";"NOVO MESTO (AC)";"NOVO MESTO (LOENA)";"910";"15300"
"G2";"NOVO MESTO (LOENA)";"NOVO MESTO (KRKA)";"1070";"20394"
"G2";"NOVO MESTO (KRKA)";"NOVO MESTO (REVOZ)";"1805";"13700"
"G2";"NOVO MESTO (REVOZ)";"METLIKA";"26301";"5596"
"G2";"METLIKA";"MP METLIKA";"1480";"3156"
"G2";"LJ (RUDNIK)";"ŠKOFLJICA";"4555";"17152"
"G2";"ŠKOFLJICA";"RAŠICA";"16290";"8535"
"G2";"RAŠICA";"ŽLEBIE";"12425";"7218"
"G2";"ŽLEBIE";"BREG";"2300";"7100"
"G2";"BREG";"HROVAEA";"2200";"9800"
"G2";"HROVAEA";"DOLENJA VAS";"4990";"8892"
"G2";"DOLENJA VAS";"KOEEVJE";"9289";"6249"
"G2";"KOEEVJE";"LIVOLD";"4369";"5130"
"G2";"LIVOLD";"ŠTALCERJI";"6200";"2139"
"G2";"ŠTALCERJI";"FARA";"15380";"1250"
"G2";"FARA";"PETRINA";"2450";"935"
"G2";"PETRINA";"MP PETRINA";"110";"685"
"G2";"ŠKOFLJICA";"ŠMARJE SAP";"2461";"5079"
"G2";"CELJE";"ŠTORE";"4500";"16066"
"G2";"ŠTORE";"ŠENTJUR";"6402";"10942"
"G2";"ŠENTJUR";"ŠMARJE PRI JELŠAH";"11300";"9345"
"G2";"ŠMARJE PRI JELŠAH";"MESTINJE";"2955";"8765"
"G2";"MESTINJE";"PODPLAT";"2060";"9077"
"G2";"PODPLAT";"TEKAEEVO";"2450";"9175"
"G2";"TEKAEEVO";"KOTEC";"8150";"4271"
"G2";"KOTEC";"ROGATEC";"1930";"5808"
"G2";"ROGATEC";"MP DOBOVEC";"5777";"1553"
"G2";"ERNUEE";"ŠENTJAKOB";"3580";"9901"
"G2";"ŠENTJAKOB";"DOLSKO";"7000";"13222"
"G2";"DOLSKO";"RIBEE";"7870";"8785"
"G2";"RIBEE";"LITIJA";"13422";"8314"
"G2";"LITIJA";"ZAGORJE";"14981";"4892"
"G2";"ZAGORJE";"TRBOVLJE";"4316";"8000"
"G2";"TRBOVLJE";"HRASTNIK";"5162";"6988"
"G2";"HRASTNIK";"ZIDANI MOST";"8291";"1511"
"G2";"DOLGA VAS";"MP DOLGA VAS";"584";"4342"
"G2";"LENDAVA";"PETIŠOVCI";"3500";"3500"
"G2";"PETIŠOVCI";"MP PETIŠOVCI";"998";"3349"
"G2";"IZOLA";"JAGODJE";"3074";"20626"
"G2";"VALETA";"LUCIJA";"1770";"12900"
"G2";"LUCIJA";"SEEOVLJE";"5230";"10605"
"G2";"SEEOVLJE";"MP SEEOVLJE";"280";"5835"
"G2";"MP HOLMEC";"POLJANA";"3881";"2289"
"G2";"POLJANA";"PREVALJE";"2000";"8452"
"G2";"PREVALJE";"RAVNE";"6047";"15150"
"G2";"RAVNE";"DRAVOGRAD";"7008";"6971"
"R1";"MP KORENSKO SEDLO";"PODKOREN";"3755";"1833"
"R1";"PODKOREN";"KR.GORA";"2550";"5500"
"R1";"KR.GORA";"GOZD MARTULJEK";"3900";"7261"
"R1";"GOZD MARTULJEK";"MOJSTRANA-DOVJE";"8200";"6781"
"R1";"DOVJE";"MOJSTRANA-KRAJE";"2420";"6786"
"R1";"KRAJE";"HRUŠICA";"4030";"8327"
"R1";"MP RATEEE";"RATEEE";"1380";"2173"
"R1";"RATEEE";"PODKOREN";"2926";"2900"
"R1";"MP PREDEL";"KLUŽE";"12500";"983"
"R1";"KLUŽE";"BOVEC";"2404";"1300"
"R1";"BOVEC(PO OBVOZNICI)";"ŽAGA";"9904";"2226"
"R1";"ŽAGA";"KOBARID";"13395";"2458"
"R1";"ŠEMPETER";"VOLEJA DRAGA";"2800";"9431"
"R1";"VOLEJA DRAGA";"DORNBERK";"5543";"5961"
"R1";"DORNBERK";"ŠTANJEL";"13078";"2313"
"R1";"ŠTANJEL";"DUTOVLJE";"7820";"1800"
"R1";"DUTOVLJE";"SEŽANA";"7890";"2947"
"R1";"DIVAEA";"LOKEV-LIPICA";"8655";"4805"
"R1";"KRANJSKA GORA";"ERIKA";"3372";"1033"
"R1";"RUSKA CESTA (ERIKA)";"RUSKA CESTA (VRŠIE)";"8978";"650"
"R1";"VRŠIE";"TRENTA";"8960";"533"
"R1";"TRENTA";"BOVEC";"22141";"1390"
"R1";"GODOVIE";"ERNI VRH";"6871";"1800"
"R1";"ERNI VRH";"COL";"9602";"1400"
"R1";"COL";"AJDOVŠEINA";"8696";"2823"
"R1";"ERNI KAL";"KORTINE";"2236";"3868"
"R1";"KORTINE";"GRAEIŠEE";"8555";"3043"
"R1";"GRAEIŠEE";"SOEERGA";"5000";"2400"
"R1";"SOEERGA";"MP  SOEERGA";"3453";"2085"
"R1";"RIŽANA";"KORTINE";"1950";"2100"
"R1";"LESCE";"BLED";"3604";"19991"
"R1";"BLED";"PRISTAVA";"2200";"8025"
"R1";"PRISTAVA";"SOTESKA";"8330";"4701"
"R1";"SOTESKA";"BITNJE";"8510";"4700"
"R1";"BITNJE";"BOH.BISTRICA";"1340";"3800"
"R1";"BOH.BISTRICA";"JEZERO";"6200";"3201"
"R1";"MP ZG.JEZERSKO";"ZG.JEZERSKO";"6850";"367"
"R1";"ZG.JEZERSKO";"SP.JEZERSKO";"3495";"970"
"R1";"SP. JEZERSKO";"PREDDVOR";"15585";"1258"
"R1";"PREDDVOR";"KR(PRIMSKOVO)";"8440";"6366"
"R1";"KR(PRIMSKOVO)";"KR(LABORE)";"2600";"19498"
"R1";"KRANJ";"ŠKOFJA LOKA";"8125";"13708"
"R1";"ŠK.LOKA";"GORENJA VAS";"13074";"7643"
"R1";"GORENJA VAS";"TREBIJA";"4819";"4304"
"R1";"TREBIJA";"SOVODENJ";"5880";"1512"
"R1";"SOVODENJ";"CERKNO";"11884";"972"
"R1";"CERKNO";"ŽELIN";"4200";"2781"
"R1";"ŠKOFJA LOKA";"JEPRCA";"5795";"13879"
"R1";"KR (LABORE)";"JEPRCA";"8150";"7853"
"R1";"JEPRCA";"MEDVODE";"3650";"16403"
"R1";"MEDVODE";"STANEŽIEE";"4350";"21595"
"R1";"STANEŽIEE";"LJ( ŠENTVID)";"814";"23200"
"R1";"UNEC";"RAKEK";"2160";"8035"
"R1";"RAKEK";"CERKNICA";"3980";"9426"
"R1";"CERKNICA";"BL.POLICA";"10851";"5433"
"R1";"BL.POLICA";"SODRAŽICA";"17183";"2881"
"R1";"SODRAŽICA";"ŽLEBIE";"5770";"2978"
"R1";"BLOŠKA POLICA";"PUDOB";"8200";"3193"
"R1";"PUDOB";"BABNO POLJE";"10357";"575"
"R1";"KOEEVJE";"STARI LOG";"11670";"1300"
"R1";"STARI LOG";"DVOR";"14405";"1453"
"R1";"PRIKLJ. TREBNJE V";"GRM";"615";"4000"
"R1";"GRM";"TREBNJE";"2828";"4655"
"R1";"TREBNJE (ODRGA)";"TREBNJE (KAMNA GORA)";"360";"8000"
"R1";"TREBNJE";"MIRNA";"6290";"7522"
"R1";"MIRNA";"MOKRONOG";"7752";"4885"
"R1";"MOKRONOG";"BOŠTANJ";"18421";"2727"
"R1";"IVANENA GORICA";"KRKA";"6805";"7830"
"R1";"KRKA";"ŽUŽEMBERK";"13435";"3632"
"R1";"ŽUŽEMBERK";"DVOR";"4270";"3670"
"R1";"DVOR";"SOTESKA";"5550";"5000"
"R1";"SOTESKA";"ERMOŠNJICE";"14355";"3634"
"R1";"ERMOŠNJICE";"RUEETNA VAS";"9600";"2900"
"R1";"RUEETNA VAS";"ERNOMELJ";"5482";"6760"
"R1";"LIVOLD";"BREZOVICA";"16230";"708"
"R1";"BREZOVICA";"DOBLIEE";"17000";"60"
"R1";"DOBLIEE";"KANIŽARICA";"2930";"1513"
"R1";"METLIKA";"PODZEMELJ";"5460";"3800"
"R1";"PODZEMELJ";"ERNOMELJ";"8950";"3600"
"R1";"ERNOMELJ";"(VINIŠKA C.-KOEEVJE)";"1061";"5400"
"R1";"KANIŽARICA";"VINICA";"15535";"3002"
"R1";"VINICA";"MOST EEZ KOLPO";"850";"1286"
"R1";"SL.BISTRICA";"POLJEANE";"8496";"5652"
"R1";"POLJEANE";"PODPLAT";"9189";"4831"
"R1";"MESTINJE";"GOLOBINJEK";"14779";"5706"
"R1";"GOLOBINJEK";"BISTRICA";"8996";"2070"
"R1";"BISTRICA";"BIZELJSKO";"6805";"2054"
"R1";"BIZELJSKO";"BREŽICE";"16000";"3487"
"R1";"BREŽICE";"EATEŽ";"1570";"14339"
"R1";"KRŠKO";"SP.POHANCA";"7200";"6026"
"R1";"SP.POHANCA";"BREŽICE";"5515";"4991"
"R1";"TROJANE";"IZLAKE";"6652";"6596"
"R1";"IZLAKE";"ZAGORJE";"6474";"8957"
"R1";"ZAGORJE";"BEVŠKO";"5358";"2965"
"R1";"BEVŠKO";"TRBOVLJE";"3123";"11600"
"R1";"HRASTNIK";"ŠMARJETA";"9650";"4834"
"R1";"ZAGORJE";"MOST EEZ SAVO";"1885";"8029"
"R1";"BEVSKO";"MOST EEZ SAVO";"1220";"8802"
"R1";"HRASTNIK";"MOST EEZ SAVO";"1500";"7253"
"R1";"MENGEŠ";"DUPLICA";"3244";"11726"
"R1";"DUPLICA";"KAMNIK";"3793";"17288"
"R1";"KAMNIK";"MEKINJE";"700";"7600"
"R1";"KAMNIK (MEKINJE)";"SP.  STRANJE";"2000";"6277"
"R1";"SP. STRANJE";"STAHOVICA";"2270";"4750"
"R1";"STAHOVICA";"ERNIVEC";"10615";"1851"
"R1";"ERNIVEC";"GORNJI GRAD";"12200";"921"
"R1";"GORNJI GRAD";"RADMIRJE";"5371";"2000"
"R1";"RADMIRJE";"MOZIRJE";"8731";"5803"
"R1";"MOZIRJE";"SOTESKA";"2339";"9550"
"R1";"SOTESKA";"LETUŠ";"3300";"6094"
"R1";"LETUŠ";"M.BRASLOVEE";"2750";"8548"
"R1";"M.BRASLOVEE";"PARIŽLJE";"2340";"8300"
"R1";"PARIŽLJE";"ŠENTRUPERT";"3810";"10023"
"R1";"RAVNE";"KOTLJE";"3600";"7398"
"R1";"KOTLJE";"STARI TRG";"8430";"6536"
"R1";"STARI TRG";"SLOVENJ GRADEC";"2724";"9550"
"R1";"SPUHLJA";"BORL";"8500";"5354"
"R1";"BORL";"MP ZAVRE";"5400";"2664"
"R1";"PTUJ";"ROGOZNICA";"2080";"6241"
"R1";"ROGOZNICA";"JANEŽOVCI";"4830";"5785"
"R1";"JANEŽOVCI";"GOMILCI";"2530";"3500"
"R1";"GOMILCI";"SENARSKA";"9558";"3300"
"R1";"MP G.RADGONA";"G.RADGONA";"989";"6843"
"R1";"GORNJA RADGONA";"RADENCI";"5680";"7380"
"R1";"RADENCI";"VUEJA VAS";"7803";"3968"
"R1";"VUEJA VAS";"KRIŽEVCI";"4527";"4525"
"R1";"KRIŽEVCI";"LJUTOMER";"7300";"6200"
"R1";"LJUTOMER";"PAVLOVCI";"13770";"2600"
"R1";"PAVLOVCI";"ORMOŽ";"1820";"4396"
"R1";"PUŠENCI";"ORMOŽ";"2975";"800"
"R1";"ORMOŽ";"MP ORMOŽ";"125";"1600"
"R1";"GIBINA";"RAZKRIŽJE";"2930";"521"
"R1";"RAZKRIŽJE";"STROEJA VAS";"3830";"2630"
"R1";"STROEJA VAS";"LJUTOMER";"2500";"3876"
"R1";"MP HODOŠ";"HODOŠ";"1500";"195"
"R1";"HODOŠ";"ŠALOVCI";"3500";"940"
"R1";"ŠALOVCI";"PETROVCI";"5458";"1137"
"R1";"PETROVCI";"MAEKOVCI";"6500";"2950"
"R1";"MAEKOVCI";"MARTJANCI";"11200";"3946"
"R1";"MARTJANCI";"M.SOBOTA";"2470";"12059"
"R1";"M.SOBOTA";"LIPOVCI";"4045";"11596"
"R1";"DRAMLJE";"DOLE";"2750";"7303"
"R1";"DOLE";"ŠENTJUR";"3445";"11376"
"R1";"RADENCI";"PETANJCI";"2047";"4986"
"R1";"PETANJCI";"M.SOBOTA(GAJ)";"7473";"5527"
"R1";"M.SOBOTA(GAJ)";"PRIK.M.S.";"2858";"4055"
"R2";"ŽAGA";"UEJA";"7445";"200"
"R2";"SOLKAN";"MOST EEZ SOEO";"141";"7800"
"R2";"SOLKAN MOST";"GONJAEE";"10396";"3070"
"R2";"GONJAEE";"DOBROVO";"4553";"2351"
"R2";"DOBROVO";"NEBLO";"2700";"4350"
"R2";"NEBLO";"MP NEBLO";"2120";"3025"
"R2";"BAEA";"KNEŽA";"6153";"1246"
"R2";"KNEŽA";"PODBRDO";"15734";"1050"
"R2";"PODBRDO";"PETROVO BRDO";"4400";"630"
"R2";"PETROVO BRDO";"PODROŠT";"8100";"400"
"R2";"PODROŠT";"ZALI LOG";"5000";"800"
"R2";"ZALI LOG";"EEŠNJICA";"5061";"2117"
"R2";"EEŠNJICA";"ŠKOFJA LOKA";"15700";"5379"
"R2";"PODGRAD";"IL.BISTRICA";"10143";"3081"
"R2";"IL.BISTRICA";"PIVKA";"16942";"4740"
"R2";"DIVAEA";"FAMLJE";"5552";"2350"
"R2";"FAMLJE";"RIBNICA";"11967";"1281"
"R2";"DEKANI";"R.ŠKOFIJE";"1085";"5700"
"R2";"R.ŠKOFIJE";"KRIŽ.MORETINI";"850";"6050"
"R2";"KRIŽ.MORETINI";"ANKARAN";"4280";"9179"
"R2";"ANKARAN";"MP LAZARET";"3058";"1676"
"R2";"GORENJA VAS";"LUEINE";"9000";"1020"
"R2";"LUEINE";"LJUBLJANICA";"4926";"310"
"R2";"LJUBLJANICA";"VRZDENEC";"3800";"260"
"R2";"VRZDENEC";"HORJUL";"3000";"1420"
"R2";"HORJUL";"VRHNIKA";"8067";"2100"
"R2";"LOGATEC";"ROVTE";"10500";"2466"
"R2";"ROVTE";"ŽIRI";"10851";"767"
"R2";"ŽIRI";"TREBIJA";"7350";"3652"
"R2";"LJ(VIE)";"AC BREZOVICA";"2741";"11543"
"R2";"AC BREZOVICA";"BREZOVICA";"1400";"21772"
"R2";"BREZOVICA";"VRHNIKA";"11761";"7838"
"R2";"VRHNIKA";"LOGATEC";"9525";"6115"
"R2";"KALCE";"PLANINA";"8337";"2476"
"R2";"PLANINA";"RAVBARKOMANDA";"7230";"2055"
"R2";"RAVBARKOMANDA";"PO(R913)";"3000";"5400"
"R2";"PO(R913)";"POSTOJNA";"1360";"11800"
"R2";"POSTOJNA";"RAZDRTO";"10980";"5700"
"R2";"RAZDRTO";"SENOŽEEE";"6530";"3000"
"R2";"SENOŽEEE";"DIVAEA";"8140";"1804"
"R2";"DIVAEA";"MATAVUN";"1940";"2965"
"R2";"MATAVUN";"KOZINA";"7275";"1100"
"R2";"KOZINA";"KASTELEC";"8960";"1868"
"R2";"KASTELEC";"ERNI KAL";"3902";"1100"
"R2";"KORTINE";"RIŽANA";"1353";"1600"
"R2";"RIŽANA";"DEKANI";"5910";"4082"
"R2";"DEKANI";"PRIKLJ. SRMIN";"324";"4800"
"R2";"BISTRICA";"TRŽIE";"320";"11343"
"R2";"TRŽIE";"GOLNIK";"6500";"2430"
"R2";"GOLNIK";"KOKRICA";"7171";"4574"
"R2";"KOKRICA";"KRANJ";"2234";"12216"
"R2";"KRANJ Z";"POLICA";"733";"13000"
"R2";"POLICA";"NAKLO(MARINŠEK)";"1960";"8727"
"R2";"NAKLO(MARINŠEK)";"PRIKLJ. NAKLO";"2460";"5500"
"R2";"PRIKLJ. NAKLO";"PODTABOR";"2782";"3151"
"R2";"PODTABOR";"GOBOVCE";"1487";"3000"
"R2";"GOBOVCE";"ERNIVEC";"5142";"3176"
"R2";"POLICA";"KR(KIDRIEEVA)";"2035";"18155"
"R2";"KRANJ(KIDRIEEVA)";"KRANJ(ISKRA)";"1559";"17910"
"R2";"KR(ISKRA)";"KR(LABORE)";"1450";"16703"
"R2";"MEDVODE";"ZBILJE";"1166";"5800"
"R2";"ZBILJE";"VODICE";"7386";"5312"
"R2";"VODICE";"MOSTE";"4350";"10067"
"R2";"MOSTE";"DUPLICA";"4120";"10653"
"R2";"KAMNIK";"TUHINJ";"15600";"3091"
"R2";"TUHINJ";"LOEICA";"12718";"1735"
"R2";"ŽELODNIK";"KRTINA";"1000";"4200"
"R2";"KRTINA";"MORAVEE";"8000";"6656"
"R2";"MORAVEE";"DRTIJA";"2080";"2300"
"R2";"DRTIJA";"TRATA";"7080";"2100"
"R2";"TRATA";"IZLAKE";"8009";"1277"
"R2";"LITIJA";"ŠMARTNO";"2791";"5400"
"R2";"ŠMARTNO";"GRM";"14789";"1299"
"R2";"GRM";"RADOHOVA VAS";"750";"2350"
"R2";"RADOHOVA VAS";"BIE";"2951";"1450"
"R2";"ŠMARTNO PRI LITIJI";"M.KOSTREVICA";"1500";"1067"
"R2";"M. KOSTREVICA";"LJUBEŽ V LAZIH";"6839";"900"
"R2";"LJUBEŽ V LAZIH";"MORAVEE";"6310";"880"
"R2";"MORAVEE";"TIHABOJ-MIRNA";"11922";"600"
"R2";"MOKRONOG";"ZBURE";"10475";"1345"
"R2";"ZBURE";"ŠKOCJAN";"3940";"2400"
"R2";"ŠKOCJAN";"DOBRUŠKA VAS";"3281";"3909"
"R2";"DOBRUŠKA V.";"ŠENTJERNEJ";"5704";"2804"
"R2";"SOTESKA";"STRAŽA";"5440";"3429"
"R2";"STRAŽA";"NM DRSKA";"6790";"5936"
"R2";"NM DRSKA";"NM ŽABJA VAS";"2241";"16000"
"R2";"NOVO MESTO";"RATEŽ";"6160";"4522"
"R2";"RATEŽ";"ŠENTJERNEJ";"9466";"2935"
"R2";"ŠENTJERNEJ";"KOSTANJEVICA";"7000";"4148"
"R2";"KOSTANJEVICA";"KRIŽAJ";"3203";"3183"
"R2";"KRIŽAJ";"EATEŽ OB SAVI";"12868";"2839"
"R2";"BREŽICE";"DOBOVA";"4500";"4013"
"R2";"DOBOVA";"M.P. RIGONCE";"2313";"1278"
"R2";"RUEETNA VAS";"ŠTREKLJEVEC";"7209";"3034"
"R2";"ŠTREKLJEVEC";"JUGORJE";"5890";"1414"
"R2";"PODSREDA";"SENOVO";"7000";"1374"
"R2";"SENOVO";"BRESTANICA";"9154";"5466"
"R2";"ŠENTJUR";"ERNOLICA";"2330";"7805"
"R2";"ERNOLICA";"LESIENO";"18149";"1226"
"R2";"LESIENO";"ŠONOVO";"3300";"1380"
"R2";"ŠONOVO";"PODSREDA";"6720";"1645"
"R2";"PODSREDA";"BISTRICA";"6720";"1200"
"R2";"BISTRICA OB SOTLI";"MP BISTRICA";"1050";"554"
"R2";"BOŠTANJ";"OREŠJE/SEVNICI";"5700";"1500"
"R2";"OREŠJE/SEVNICI";"PLANINA";"15306";"333"
"R2";"PLANINA";"DEŽNO";"1115";"400"
"R2";"DEŽNO";"ERNOLICA";"11800";"2287"
"R2";"POLJANA";"MEŽICA";"3310";"5271"
"R2";"MEŽICA";"ERNA";"8110";"3200"
"R2";"ERNA";"ŠENTVID";"12366";"395"
"R2";"ŠENTVID";"ŠOŠTANJ";"16605";"1010"
"R2";"ŠOŠTANJ";"PESJE";"1835";"11364"
"R2";"PESJE";"VELENJE";"3790";"11648"
"R2";"PESJE";"GORENJE";"6100";"6424"
"R2";"GORENJE";"REEICA";"4220";"4130"
"R2";"REEICA";"LETUŠ";"1575";"3625"
"R2";"LATKOVA VAS";"PREBOLD";"3000";"5985"
"R2";"PREBOLD";"SPODNJE GABRSKO";"14800";"1285"
"R2";"SPODNJE GABRSKO";"TRBOVLJE";"1817";"6250"
"R2";"RADMIRJE";"LUEE";"12165";"2281"
"R2";"LUEE";"SESTRE LOGAR";"13800";"1027"
"R2";"S.LOGAR";"PAVLIEEVO SEDLO";"7453";"55"
"R2";"VIŠNJA VAS";"STRMEC";"1600";"6369"
"R2";"STRMEC";"DOBRNA";"5920";"3781"
"R2";"DOBRNA";"ERNOVA";"3400";"3789"
"R2";"MB (PTUJSKA)";"MB (STRELIŠKA CESTA)";"1306";"20000"
"R2";"MB(TRŽAŠKA)";"HOEE";"3279";"34600"
"R2";"HOEE";"SLIVNICA";"965";"30487"
"R2";"SLIVNICA";"FRAM";"4810";"7141"
"R2";"FRAM";"SL.BISTRICA";"8250";"6411"
"R2";"SL.BISTRICA";"LOŽNICA";"1593";"7790"
"R2";"LOŽNICA";"TEPANJE";"7910";"2681"
"R2";"TEPANJE";"SL.KONJICE";"3154";"11742"
"R2";"SL.KONJICE";"DOBRAVA";"3000";"12032"
"R2";"DOBRAVA";"STRANICE";"2160";"8707"
"R2";"STRANICE";"VIŠNJA VAS";"10200";"5855"
"R2";"VIŠNJA VAS";"CELJE AC";"6100";"14881"
"R2";"CELJE AC";"CELJE";"1942";"28222"
"R2";"GORNJI DOLIE";"STRANICE";"18621";"3108"
"R2";"ROGATEC";"MAJŠPERK";"16081";"1102"
"R2";"MAJŠPERK";"APAŠKI KRIŽ";"7542";"5100"
"R2";"APAŠKI KRIŽ";"KIDRIEEVO";"2874";"5819"
"R2";"SENARSKA";"LENART";"4014";"2678"
"R2";"LENART";"KRIŽ. SV.ANA";"4700";"3674"
"R2";"KRIŽ. SV.ANA";"ZG.ŠEAVNICA";"6500";"1595"
"R2";"ZG.ŠEAVNICA";"TRATE";"4750";"1883"
"R2";"TRATE";"MOST EEZ MURO";"2040";"2066"
"R2";"MOST EEZ MURO";"MP TRATE";"80";"3200"
"R2";"RADLJE";"RADELJSKI PRELAZ";"6160";"1000"
"R2";"MARIBOR";"RUŠE";"9119";"9404"
"R2";"RUŠE";"SELNICA";"3198";"3789"
"R2";"POEEHOVA";"ZG.KUNGOTA";"6870";"4340"
"R2";"ZG.KUNGOTA";"JURIJ";"5565";"642"
"R2";"ŠENTILJ";"PESNICA";"7730";"3746"
"R2";"PESNICA";"RONDO POEEHOVA";"2702";"7130"
"R2";"ŠENTILJ";"TRATE";"13409";"2229"
"R2";"TRATE";"GORNJA RADGONA";"15579";"2843"
"R2";"KOBILJE";"DOBROVNIK";"7730";"1100"
"R2";"DOBROVNIK";"RENKOVCI";"4230";"1491"
"R2";"RENKOVCI";"BELTINCI";"6502";"1853"
"R2";"BRATONCI";"DOKLEŽOVJE";"3800";"2896"
"R2";"DOKLEŽOVJE";"KRIŽEVCI";"5690";"4575"
"R2";"KRIŽEVCI";"ŽIHLAVA";"11630";"899"
"R2";"ŽIHLAVA";"VIDEM";"2950";"2353"
"R2";"SV. JURIJ OB ŠEAVNICI";"CERKVENJAK";"6986";"563"
"R2";"CERKVENJAK";"PRIKLJ.CERKVENJAK";"1880";"1420"
"R2";"PRIKLJ. CERKVENJAK";"SENARSKA";"4855";"900"
"R2";"PETANJCI";"GEDEROVCI";"3301";"1425"
"R2";"GEDEROVCI";"SKAKOVCI";"3370";"2762"
"R2";"SKAKOVCI";"CANKOVA";"2710";"2700"
"R2";"CANKOVA";"VEEESLAVCI";"8500";"3810"
"R2";"VEEESLAVCI";"SOTINA";"6700";"2621"
"R2";"SOTINA";"MP KUZMA";"825";"1120"
"R2";"MURSKA SOBOTA";"VEŠEICA";"3000";"8977"
"R2";"VEŠEICA";"GEDEROVCI";"6200";"5537"
"R2";"GEDEROVCI";"MP GEDEROVCI";"731";"3985"
"R2";"MARTJANCI";"MORAVSKE TOPLICE";"3970";"5566"
"R2";"MORAVSKE TOPLICE";"DOBROVNIK";"9742";"1721"
"R2";"DOBROVNIK";"RONDO DOLGA VAS";"10402";"2106"
"R2";"LIPOVCI";"BRATONCI";"1348";"11992"
"R2";"BRATONCI";"BELTINCI";"2261";"7500"
"R2";"BELTINCI";"ERENŠOVCI";"5820";"4140"
"R2";"ERENŠOVCI";"DOL.LAKOŠ";"14052";"2954"
"R2";"DOL. LAKOŠ";"LENDAVA";"1365";"3155"
"R2";"LENDAVA";"DOLINA";"6240";"2300"
"R2";"DOLINA";"MP PINCE";"255";"505"
"R2";"RAZDRTO";"MANEE";"13470";"1251"
"R2";"MANEE";"VIPAVA";"1429";"4354"
"R2";"VIPAVA";"AJDOVŠEINA";"5640";"6458"
"R2";"AJDOVŠEINA";"SELO";"8550";"7810"
"R2";"SELO";"TRI HIŠE";"8600";"5339"
"R2";"TRI HIŠE";"AJŠEVICA";"2000";"10461"
"R2";"AJŠEVICA";"NOVA GORICA";"4750";"3356"
"R2";"N.GORICA";"ROŽNA DOLINA";"130";"9916"
"R2";"SENOŽEEE";"ŠTORJE";"8700";"1750"
"R2";"ŠTORJE";"SEŽANA";"5485";"2657"
"R2";"SEŽANA";"FERNETIEI";"1800";"10855"
"R2";"FERNETIEI";"MP FERNETIEI";"1128";"10500"
"R2";"SEŽANA";"DIVAEA";"9645";"3384"
"R2";"MEDLOG";"PETROVEE";"3306";"15032"
"R2";"PETROVEE";"ŽALEC";"1519";"14000"
"R2";"ŽALEC";"VRBENSKO POLJE";"2220";"12481"
"R2";"VRBENSKO POLJE";"ŠEMPETER";"3760";"14234"
"R2";"ŠEMPETER";"LATKOVA VAS";"591";"8800"
"R2";"LATKOVA VAS";"ŠENTRUPERT";"1420";"7500"
"R2";"ŠENTRUPERT";"VRANSKO";"9000";"4663"
"R2";"VRANSKO";"LOEICA";"2905";"4832"
"R2";"LOEICA";"TROJANE";"6066";"2934"
"R2";"TROJANE";"LUKOVICA";"15000";"2944"
"R2";"LUKOVICA";"ŽELODNIK";"6857";"5785"
"R2";"ŽELODNIK";"DOMŽALE";"4285";"9955"
"R2";"DOMŽALE";"STOB";"1560";"11377"
"R2";"STOB";"TRZIN";"1043";"16589"
"R2";"IVANENA GORICA";"GRM";"5789";"6854"
"R2";"GRM";"PLUSKA";"8298";"1450"
"R2";"PLUSKA";"PRIKLJ. TREBNJE Z";"1126";"1300"
"R2";"PRIKLJ. TREBNJE Z";"TREBNJE";"4005";"6250"
"R2";"GRM";"ŠENTJURIJ";"5318";"1984"
"R2";"ŠENTJURIJ";"PRIKLJ. NM ZAHOD";"5756";"1700"
"R2";"PRIKLJ. NM ZAHOD";"LOENA";"2325";"1200"
"R2";"NOVO MESTO (LOENA)";"NOVO MESTO (MAEKOVEC)";"935";"7862"
"R2";"MAEKOVEC";"LEŠNICA";"880";"10081"
"R2";"LEŠNICA";"OTOEEC";"2998";"9213"
"R2";"OTOEEC";"KRONOVO";"2115";"6762"
"R2";"KRONOVO";"DOLENJE KRONOVO";"715";"7500"
"R2";"DOLENJE KRONOVO";"GOR. GOMILA";"2750";"3224"
"R2";"GOR.GOMILA";"DOBRAVA";"2624";"1000"
"R2";"PESNICA";"LENART";"12900";"3758"
"R2";"PRIKLJ. LENART";"LENART";"1442";"10852"
"R2";"LENART";"GORNJA RADGONA";"17556";"3750"
"R2";"HOEE";"PRIKLJ.  ROGOZA";"1570";"8159"
"R2";"PRIKLJ.  ROGOZA";"LETALIŠEE MARIBOR";"2890";"1150"
"R2";"ARJA VAS";"ŽALEC";"2090";"7923"
"R2";"HRUŠICA";"PLAVŽ";"2450";"6876"
"R2";"PLAVŽ";"JESENICE";"1800";"12000"
"R2";"JESENICE";"JAVORNIK";"2150";"15574"
"R2";"JAVORNIK";"ŽIROVNICA";"5013";"6668"
"R2";"ŽIROVNICA";"LESCE";"4957";"7614"
"R2";"LESCE";"RADOVLJICA";"2820";"8239"
"R2";"RADOVLJICA";"PODVIN";"2580";"3570"
"R2";"PODVIN";"ERNIVEC";"2023";"3800"
"R2";"MB AC";"MIKLAVŽ";"3000";"12756"
"R2";"MIKLAVŽ";"HAJDINA";"14670";"4592"
"R3";"BORJANA";"PODBELA";"2800";"180"
"R3";"PODBELA";"ROBIDIŠEE";"6935";"60"
"R3";"STARO SELO";"BREGINJ-MOST";"15901";"950"
"R3";"MOST NA SOEI";"UŠNIK";"4271";"1191"
"R3";"ROEINJ";"LIG";"9995";"230"
"R3";"KAMBREŠKO";"SOLARJI";"10770";"110"
"R3";"SOLARJI";"LIVEK";"8768";"60"
"R3";"PREVAL";"GRGAR-EEPOVAN";"14133";"800"
"R3";"SOLKAN";"GRGAR";"3000";"3495"
"R3";"GRGAR";"LOKVE";"16400";"1200"
"R3";"LOKVE";"EEPOVAN";"5440";"180"
"R3";"EEPOVAN";"DOL.TREBUŠA";"10870";"300"
"R3";"AJDOVŠEINA";"PREDMEJA";"12996";"700"
"R3";"PREDMEJA";"LOKVE";"11575";"120"
"R3";"EEPOVAN";"MOST NA SOEI";"13220";"200"
"R3";"D.TREBUŠA";"SP.IDRIJA";"21990";"150"
"R3";"PEENIK(MAROF)";"ŽIRI";"10546";"950"
"R3";"DORNBERK";"SELO";"5150";"1964"
"R3";"PLAVE";"GONJAEE";"6190";"850"
"R3";"AJŠEVICA";"KROMBERK";"3100";"12861"
"R3";"KROMBERK";"NOVA GORICA";"860";"18150"
"R3";"PRIKLJ. ŠEMPETER";"ŠEMPETER (POLJE)";"1086";"3500"
"R3";"ŠEMPETER (POLJE)";"VRTOJBA";"860";"4200"
"R3";"VRTOJBA";"D.VRTOJBA";"1300";"8200"
"R3";"D.VRTOJBA";"GORNJI MIREN";"1764";"6865"
"R3";"GORNJI MIREN";"MIREN";"551";"6308"
"R3";"MIREN";"OPATJE SELO";"7771";"1450"
"R3";"OPATJE SELO";"KOMEN";"14885";"501"
"R3";"KOMEN";"KOBJEGLAVA";"4540";"840"
"R3";"KOBJEGLAVA";"ŠTANJEL";"4160";"1200"
"R3";"ŠTANJEL";"MANEE";"11750";"1061"
"R3";"TRI HIŠE";"PRIKLJ. VOGRSKO";"2850";"6113"
"R3";"PRIKLJ.  VOGRSKO";"VOLEJA DRAGA";"3407";"3184"
"R3";"VOLEJA DRAGA";"RENEE";"3200";"2224"
"R3";"RENEE";"GORNJI MIREN";"2554";"3900"
"R3";"GORJANSKO";"KLARIEI";"10090";"270"
"R3";"KOMEN";"GORJANSKO";"3163";"1831"
"R3";"GORJANSKO";"ŽEKENC";"2969";"1150"
"R3";"BRANIK";"KOMEN";"7725";"850"
"R3";"KOMEN";"KRAJNA VAS";"8130";"870"
"R3";"KRAJNA VAS";"DUTOVLJE";"2320";"1500"
"R3";"DUTOVLJE";"REPENTABOR";"5422";"1888"
"R3";"ŠTORJE";"ŠTANJEL";"11249";"787"
"R3";"KALCE";"PODKRAJ";"15000";"531"
"R3";"PODKRAJ";"COL";"4927";"750"
"R3";"GORIEE";"KOŠANA";"9432";"540"
"R3";"KOŠANA";"KAL";"6820";"1300"
"R3";"KASTELEC";"PODGORJE";"10978";"450"
"R3";"LOKA";"PODPEE-RAKITOVEC";"15513";"120"
"R3";"BERTOKI";"SV. ANTON";"6900";"5702"
"R3";"SV. ANTON";"GRAEIŠEE";"7306";"1800"
"R3";"GRAEIŠEE";"BREZOVICA";"8517";"150"
"R3";"ERNI KAL";"OSP";"4220";"849"
"R3";"SEEOVLJE";"DRAGONJA";"3006";"2363"
"R3";"VALETA";"BELI KRIŽ-PIRAN";"1625";"6074"
"R3";"PREM";"EELJE";"5930";"270"
"R3";"EELJE";"PREGARJE";"5910";"170"
"R3";"PREGARJE";"OBROV";"6756";"380"
"R3";"OBROV";"GOLAC";"8650";"170"
"R3";"STAROD";"MEJA RH";"3130";"25"
"R3";"IL.BISTRICA";"ZABIEE";"9570";"2153"
"R3";"ZABIEE";"NOVOKRAEINE";"8090";"280"
"R3";"JELŠANE";"NOVOKRAEINE";"3441";"400"
"R3";"BITNJE";"JEREKA";"1934";"1800"
"R3";"JEREKA";"JEZERO";"6800";"1390"
"R3";"JAVORNIK";"GORJE";"8264";"2565"
"R3";"GORJE";"BLED";"3430";"4662"
"R3";"LESCE";"K.GORICA-LIPNICA";"9966";"1779"
"R3";"LIPNICA";"KROPA";"2000";"1350"
"R3";"KROPA";"RUDNO";"13217";"900"
"R3";"RUDNO";"EEŠNJICA";"2270";"1200"
"R3";"LIPNICA";"OVSIŠE";"4500";"1800"
"R3";"OVSIŠE";"GOBOVCE";"1444";"2600"
"R3";"PODTABOR";"ZVIREE";"2571";"2321"
"R3";"ŽIROVNICA";"BEGUNJE";"6290";"2908"
"R3";"BEGUNJE";"BISTRICA(TRŽIE)";"10420";"950"
"R3";"LJ(ŠENTVID)";"LJ(ŠMARTNO)";"3000";"11780"
"R3";"LJ(ŠMARTNO)";"VODICE";"7800";"3284"
"R3";"VODICE";"SP.BRNIK";"1100";"2600"
"R3";"SP.BRNIK";"CERKLJE";"3330";"3603"
"R3";"RAKEK";"LOGATEC";"14035";"665"
"R3";"LJUBLJANICA";"POL.GRADEC";"9100";"350"
"R3";"POL.GRADEC";"DOBROVA";"10400";"2714"
"R3";"DOBROVA";"LJ(DOLGI MOST)";"3956";"7966"
"R3";"VRHNIKA";"PODPEE";"16678";"3154"
"R3";"PODPEE";"IG";"8960";"1250"
"R3";"IG";"LJ (PERUZZIJEVA)";"7413";"7284"
"R3";"PODPEE";"RAKITNA";"11200";"1432"
"R3";"RAKITNA";"CERKNICA";"18195";"320"
"R3";"LJ(ŠMARTIN.)";"PRIKLJ. SNEBERJE";"2745";"11576"
"R3";"PRIKLJ. SNEBERJE";"ŠENTJAKOB";"1186";"10430"
"R3";"ŠENTJAKOB";"DOMŽALE";"6180";"9093"
"R3";"DOMŽALE";"DUPLICA";"6090";"7998"
"R3";"LJ(LITIJSKA)";"ZADVOR";"2672";"6634"
"R3";"ZADVOR";"ŠMARTNO P.LITIJI";"26927";"1208"
"R3";"ŠKOFLJICA";"ŠMARJE-SAP";"3726";"1000"
"R3";"CIKAVA";"GROSUPLJE";"2141";"13765"
"R3";"GROSUPLJE";"IVANENA GOR.";"14046";"2051"
"R3";"PEROVO";"GROSUPLJE";"1480";"6914"
"R3";"GROSUPLJE";"MLAEEVO";"2317";"6744"
"R3";"MLAEEVO";"PLEŠIVICA";"3230";"3000"
"R3";"PLEŠIVICA";"KRKA";"11832";"450"
"R3";"MLAEEVO";"VIDEM";"12000";"3055"
"R3";"VIDEM";"RAŠICA";"6935";"1450"
"R3";"VIDEM";"PRI CERKVI STRUGE";"10392";"1270"
"R3";"PRI CERKVI STRUGE";"ZVIREE";"4800";"250"
"R3";"ZVIREE";"SMUKA";"9895";"130"
"R3";"ZAGRADEC";"AMBRUS-ŽVIREE";"10951";"270"
"R3";"ŽUŽEMBERK";"PLUSKA";"13762";"879"
"R3";"TREBNJE";"NOVO MESTO (BUENA VAS)";"7346";"2400"
"R3";"NOVO MESTO (BUENA VAS)";"NOVO MESTO (KRKA)";"1090";"12900"
"R3";"PRIKLJ. NM ZAHOD";"V. BUENA VAS";"1900";"8468"
"R3";"V. BUENA VAS";"NM BUENA VAS";"755";"10500"
"R3";"MORAVEE";"EATEŽ";"6200";"412"
"R3";"EATEŽ";"TREBNJE";"9917";"1950"
"R3";"SODRAŽICA";"HRIB";"11150";"1330"
"R3";"HRIB";"PODPLANINA";"18860";"37"
"R3";"ŠTALCERJI";"KOE. REKA";"5835";"940"
"R3";"KOEEVSKA REKA";"BOROVEC";"6035";"200"
"R3";"BOROVEC";"DRAGARJI";"3498";"50"
"R3";"DRAGARJI";"GOZDNA CESTA (OSILNICA)";"1371";"5"
"R3";"GOZDNA CESTA (OSILNICA)";"OSILNICA";"9248";"50"
"R3";"PETRINA";"GRIVAC-MIRTOVIEI";"11325";"234"
"R3";"BOSLJIVA LOKA";"OSILNICA";"9520";"200"
"R3";"DOBLIEE";"SV.ANA-STARI TRG";"9865";"600"
"R3";"STARI TRG";"BREZOVICA";"8464";"720"
"R3";"STARI TRG";"KOT";"3599";"250"
"R3";"KOT";"SODEVCI";"780";"31"
"R3";"ERNOMELJ";"DOLENJCI";"9810";"2293"
"R3";"DOLENJCI";"VRHOVCI";"3680";"900"
"R3";"VRHOVCI";"ŽUNIEI";"5050";"400"
"R3";"ŽUNIEI";"MP ŽUNIEI";"660";"27"
"R3";"DRAŠIEI";"METLIKA";"4270";"730"
"R3";"METLIKA";"RADOVIEI";"3000";"860"
"R3";"RADOVIEI";"MP BOŽAKOVO";"5130";"18"
"R3";"BUŠINJA VAS";"RADOVICA";"4594";"200"
"R3";"RADOVICA";"OSTRIŽ";"3500";"100"
"R3";"LJUBEŽ V LAZIH";"SOPOTA";"15100";"230"
"R3";"SOPOTA";"RADEEE";"12932";"1200"
"R3";"SOPOTA";"PODKUM-ZAGORJE";"10370";"1110"
"R3";"ZBURE";"ŠMARJEŠKE TOPLICE";"5140";"1803"
"R3";"ŠMARJEŠKE TOPLICE";"DOLENJE KRONOVO";"1558";"4498"
"R3";"GABRJE";"RATEŽ";"5581";"910"
"R3";"BIZELJSKO";"OREŠJE";"5260";"190"
"R3";"KRIŽAJ";"PODBOEJE-ŠUTNA";"3846";"940"
"R3";"ŠUTNA";"PLANINA V PODBOEJU";"10050";"20"
"R3";"IMPOLJCA";"ZAVRATEC";"4900";"1560"
"R3";"ZAVRATEC";"SMEDNIK";"9229";"1695"
"R3";"SMEDNIK";"ZAMEŠKO-KOSTANJEVICA";"9176";"1400"
"R3";"DRNOVO";"KRIŽAJ";"5705";"2867"
"R3";"ZAVRATEC";"ŠKOCJAN";"10495";"1080"
"R3";"EATEŽ OB SAVI";"MOKRICE";"7479";"800"
"R3";"SP. POHANCA";"(R1-219)";"7740";"1968"
"R3";"(R1-219)";"KAPELE";"2380";"920"
"R3";"KAPELE";"RAKOVEC";"2515";"30"
"R3";"MP  NOVA VAS";"PIŠECE";"6019";"50"
"R3";"PIŠECE";"ZG.POHANCA-KRŠKO";"17355";"660"
"R3";"ST.VAS";"FIGAROV MOST";"755";"96"
"R3";"RADEEE";"BREG";"5700";"1150"
"R3";"BREG";"SEVNICA";"8100";"950"
"R3";"SEVNICA";"BLANCA";"8700";"2184"
"R3";"BLANCA";"BRESTANICA";"4957";"1550"
"R3";"RIMSKE TOPLICE";"JURKLOŠTER";"15040";"330"
"R3";"JURKLOŠTER";"DEŽNO";"6490";"390"
"R3";"LAŠKO";"BREZE-ŠENTJUR";"20027";"400"
"R3";"ŠENTJUR(PODGORA)";"ŠENTJUR(NOVA V)";"1271";"3500"
"R3";"LOKE";"LEDINŠEICA";"10080";"220"
"R3";"LESIENO";"GOLOBINJEK";"10294";"830"
"R3";"IMENO";"MP IMENO";"1015";"221"
"R3";"PRELASKO";"BUEE-KOZJE";"7384";"880"
"R3";"TEKAEEVO";"ROGAŠKA SLAT.";"4114";"5035"
"R3";"RODNE";"MP RAJNKOVEC";"1733";"757"
"R3";"TEPANJE";"ŽIEE";"3641";"2488"
"R3";"ŽIEE";"KARTUZIJA";"6900";"430"
"R3";"KARTUZIJA";"DRAMLJE";"7324";"60"
"R3";"DOLE";"PONIKVA-LOEE";"14140";"2137"
"R3";"SLOV.KONJICE";"ŽIEE";"4840";"5580"
"R3";"ŽIEE";"MLAEE";"2900";"4630"
"R3";"MLAEE";"POLJEANE";"6284";"2802"
"R3";"POLJEANE";"MAJŠPERK";"16270";"1225"
"R3";"PODLEHNIK";"KOZMINCI";"3563";"1000"
"R3";"KOZMINCI-ŽETALE";"ROGATEC";"15471";"632"
"R3";"MAJŠPERK";"JUROVCI";"12605";"600"
"R3";"TRŽEC";"VIDEM";"4500";"1750"
"R3";"VIDEM";"ZG. LESKOVEC";"11465";"1000"
"R3";"ZAVRE";"DRENOVEC";"7280";"1830"
"R3";"BORL-CIRKULANE";"MP MEJE";"7703";"260"
"R3";"NOVA CERKEV";"SOCKA-VITANJE";"10320";"1150"
"R3";"VELENJE";"POLZELA";"12000";"3077"
"R3";"POLZELA";"DOBRTEŠA VAS";"3392";"6156"
"R3";"POLZELA";"REEICA";"5410";"850"
"R3";"GORENJE";"SOTESKA";"2710";"3985"
"R3";"VELENJE";"ŠKALE";"6538";"4540"
"R3";"ŠKALE";"GRAŠKA  G.-ŠMIKLA";"10710";"550"
"R3";"SL.GRADEC";"MISL.DOBRAVA";"10440";"1700"
"R3";"NAZARJE";"GORNJI GRAD";"13979";"1100"
"R3";"MEŽICA";"REHT";"2725";"300"
"R3";"DRAVOGRAD";"ERNEEE";"2500";"450"
"R3";"ERNEEE";"MP LIBELIEE";"6182";"90"
"R3";"SL.KONJICE";"OPLOTNICA";"6548";"1897"
"R3";"OPLOTNICA";"LOŽNICA";"9450";"4300"
"R3";"RUTA";"LOVRENC";"13400";"1828"
"R3";"LOVRENC";"PESEK";"5072";"330"
"R3";"PESEK";"ROGLA";"15000";"310"
"R3";"ROGLA";"ZREEE";"2700";"1140"
"R3";"ZREEE";"ZEEE";"3584";"9177"
"R3";"DRAVOGRAD";"TRBONJE";"7150";"220"
"R3";"TRBONJE";"GORTINA";"750";"940"
"R3";"TRBONJE";"VUZENICA";"7440";"770"
"R3";"VUZENICA";"VUHRED";"5860";"1000"
"R3";"MUTA";"GORTINA";"1610";"1360"
"R3";"GORTINA";"BISTRIŠKI JAREK";"6330";"500"
"R3";"RADLJE";"RIBNICA";"12157";"1050"
"R3";"RIBNICA";"BREZNO";"10245";"819"
"R3";"RUŠE";"PUŠEAVA";"10100";"1000"
"R3";"OŽBALT";"ZG. KAPLA";"14230";"440"
"R3";"HAJDIEEV MLIN";"GRADIŠEE";"2400";"180"
"R3";"SP.SELNICA";"DUH NA OSTREM VRHU";"12861";"170"
"R3";"ZG.KUNGOTA";"MP PLAE";"5480";"110"
"R3";"MB (MALEENIK-most)";"MB (MALEENIK)";"750";"7147"
"R3";"MB (MALEENIK)";"PERNICA";"6000";"3417"
"R3";"PERNICA";"PRIKLJ. PERNICA";"264";"1950"
"R3";"MARIBOR";"DVORJANE";"11965";"10700"
"R3";"DVORJANE";"PTUJ";"12783";"2971"
"R3";"PTUJ";"HAJDINA";"2719";"9374"
"R3";"HAJDINA";"TURNIŠEE";"3350";"1917"
"R3";"FRAM";"RAEE";"2312";"6347"
"R3";"RAEE";"KUNGOTA-KIDRIEEVO";"10888";"1150"
"R3";"ŽIHLAVA";"JURŠINCI";"10400";"600"
"R3";"JURŠINCI";"GABERNIK";"2600";"2350"
"R3";"GABERNIK";"ROGOZNICA(PTUJ)";"8173";"2459"
"R3";"LJUTOMER";"DORNAVA";"24800";"850"
"R3";"DORNAVA";"KRIŽ.SPUHLJA";"3700";"4164"
"R3";"KRIŽ.SPUHLJA";"PTUJ";"2730";"11233"
"R3";"SV. JURIJ OB ŠEAVNICI";"GRABONOŠ";"2879";"1200"
"R3";"GRABONOŠ";"SP. IVANJCI";"2170";"970"
"R3";"SP.IVANJCI";"GORNJA RADGONA";"9512";"1130"
"R3";"M.SOBOTA";"GORICA";"5800";"2842"
"R3";"GORICA";"LEMERJE";"2700";"2550"
"R3";"LEMERJE";"SKAKOVCI";"5650";"1150"
"R3";"LEMERJE";"GRAD";"11210";"841"
"R3";"GRAD";"KUZMA";"4695";"850"
"R3";"CANKOVA";"GERLINCI";"5200";"550"
"R3";"PERTOEA";"FIKŠINCI";"4688";"370"
"R3";"ROGAŠOVCI";"KRAMAROVCI";"2953";"650"
"R3";"PETROVCI";"MARTINJE";"10000";"750"
"R3";"MARTINJE";"KUZMA";"6360";"690"
"R3";"KUZMA";"MP KUZMA";"3388";"1100"
"R3";"MP MARTINJE";"MARTINJE";"310";"110"
"R3";"ŠALOVCI";"EEPINCI";"6638";"470"
"R3";"EEPINCI";"MEJA MADŽARSKA";"2524";"100"
"R3";"HODOŠ";"DOMANJŠEVCI";"5055";"150"
"R3";"DOMANJŠEVCI";"BERKOVCI";"3770";"100"
"R3";"BERKOVCI";"KOBILJE";"12943";"360"
"R3";"MARTJANCI";"SEBEBORCI";"3167";"1760"
"R3";"SEBEBORCI";"TRAKŠAROV BREG";"3973";"1000"
"R3";"TRAKŠAROV BREG";"FOKOVCI";"440";"490"
"R3";"FOKOVCI";"PROSENJAKOVCI";"7693";"850"
"R3";"RENKOVCI";"ERENŠOVCI";"8219";"3027"
"R3";"ERENŠOVCI";"RAZKRIŽJE";"6210";"2286"
"R3";"STROEJA VAS";"PAVLOVCI";"13355";"868"
"R3";"RAZKRIŽJE";"MEJA RH";"475";"450"
"R3";"ŠKOFLJICA";"IG";"5325";"4067"
"R3";"IG";"IŠKA VAS";"3800";"1550"
"R3";"IŠKA VAS";"KRIM";"10200";"80"
"R3";"KRIM";"RAKITNA";"5440";"40"
"R3";"HOTIZA";"VELIKA POLANA";"3317";"880"
"R3";"VELIKA POLANA";"LIPA-BELTINCI";"8781";"1582"
"R3";"ŽICE";"SV. ANA-ZG. ŠEAVNICA";"5835";"1190"
"R3";"ZG.ŠEAVNICA";"DRAŽEN VRH";"2235";"150"
"R3";"POLZELA";"PARIŽLJE";"1050";"2300"
"R3";"PARIŽLJE";"BRASLOVEE-M.BRASLOVEE";"2869";"2210"
"R3";"PONDOR";"TABOR";"2388";"420"
"R3";"TABOR";"OJSTRIŠKA VAS-KAPLA";"1645";"300"
"R3";"VAVTA VAS";"DOL.TOPLICE";"4560";"4139"
"R3";"DOL.TOPLICE";"PODTURN";"1730";"1950"
"R3";"CERKVENJAK";"VITOMARCI";"5733";"150"
"R3";"VITOMARCI";"GABRNIK";"6397";"420"
"R3";"MUTA";"VUZENICA";"445";"4200"
"R3";"RAEE";"ŠIKOLE";"5789";"1982"
"R3";"TRŽIŠEE";"HOTEMEŽ";"14480";"800"
"R3";"JANEŽOVSKI VRH";"DESTRNIK";"2210";"560"
"R3";"DESTRNIK";"GOMILCI";"1381";"250"
"R3";"M.SOBOTA(GAJ)";"M.SOBOTA";"2780";"6135"
"R3";"ŠKOFIJE MEJNI PREHOD";"ŠKOFIJE";"1000";"6600"
"R3";"ŠKOFIJE";"R.ŠKOFIJE";"1055";"11940"
"R3";"DEKANI";"PRIKLJ. LUKA KOPER";"2215";"2500"
"R3";"PODPEE";"VNANJE GORICE";"4390";"5007"
"R3";"VNANJE GORICE";"BREZOVICA";"2521";"8279"
"R3";"ŠTORE";"LAŠKA VAS";"2210";"2000"
"R3";"LAŠKA VAS";"SVETINA";"6190";"700"
"R3";"SVETINA";"BRSTNIK";"5200";"280"
"R3";"BRSTNIK";"LAŠKO";"3192";"780"
"R3";"JANEŽOVCI";"DOLGE NJIVE";"9200";"840"
"R3";"DOLGE NJIVE";"SPODNJI DUPLEK";"7520";"900"
"R3";"STARI TRG";"LOŠKI POTOK";"11920";"100"
"R3";"LENART";"SVETA TROJICA";"3284";"1190"
"R3";"SV. TROJICA-COGETINCI";"SP.IVANJCI";"9498";"800"
"R3";"VELIKE LAŠEE";"M SLEVICA";"3000";"1000"
"R3";"M SLEVICA";"LUŽARJI";"8400";"200"
"R3";"LUŽARJI";"NOVA VAS";"6617";"800"
"R3";"VOSEK";"JUROVSKI DOL";"8605";"700"
"R3";"JUROVSKI DOL";"LENART";"7164";"910"
"R3";"SLOVENSKA VAS";"ŠENTRUPERT";"2174";"800"
"R3";"NIZKA";"REEICA OB SAVINJI";"905";"1700"
"R3";"ARCLIN";"LJUBEENA";"4011";"4667"
"R3";"LJUBEENA";"BUKOVŽLAK";"1887";"5146"
"R3";"BUKOVŽLAK";"TEHARJE";"2101";"2300"
"R3";"VOLEE";"SOLARJI";"9103";"135"
"RT";"RATEEE";"PLANICA";"2000";"800"
"RT";"STRMEC";"MANGART";"11710";"50"
"RT";"IDRSKO";"LIVEK";"6960";"170"
"RT";"JEZERO";"ZLATOROG";"4200";"1500"
"RT";"ZLATOROG";"SAVICA";"3890";"270"
"RT";"GORJE";"KRNICA";"2160";"2050"
"RT";"KRNICA";"ZATRNIK";"4000";"1240"
"RT";"ZATRNIK";"MRZLI STUDENEC";"5181";"620"
"RT";"MRZLI STUDENEC";"JEREKA";"16392";"140"
"RT";"MRZLI STUD.";"RUDNO POLJE";"6100";"590"
"RT";"KRNICA";"ZG.RADOVNA";"11756";"300"
"RT";"ZG.RADOVNA";"DOVJE";"6400";"400"
"RT";"KRAJE";"MOJSTRANA";"2000";"1100"
"RT";"MOJSTRANA";"VRATA";"9600";"210"
"RT";"BOH.BISTRICA";"VRESJE";"8260";"660"
"RT";"VRESJE";"SORICA";"9342";"150"
"RT";"SORICA";"PETROVO BRDO";"4250";"200"
"RT";"SORICA";"PODROŠT";"5339";"430"
"RT";"RUDNO";"ROVTARICA";"11510";"350"
"RT";"ROVTARICA";"VRESJE";"7789";"15"
"RT";"ZALI LOG";"DAVEA";"7856";"410"
"RT";"DAVEA";"NOVAKI";"3065";"520"
"RT";"NOVAKI";"CERKNO";"10153";"720"
"RT";"POSTOJNA";"RAKOV.ŠKOC.";"4081";"1500"
"RT";"RAKOV ŠKOCJAN";"PODSKRAJNIK";"7085";"160"
"RT";"IL.BISTRICA";"GRDA DRAGA";"21260";"700"
"RT";"GRDA DRAGA";"PUDOB";"28100";"70"
"RT";"DRAGARJI";"MEDVEDJEK-DRAGA";"17209";"30"
"RT";"KOEEVJE";"ŽELJNE";"2923";"820"
"RT";"ŽELJNE";"ROG-BAZA-PODTURN";"28884";"360"
"RT";"KOT";"GRGELJ";"12314";"200"
"RT";"GRGELJ";"FARA";"11100";"80"
"RT";"PODZEMELJ";"DOLENJCI";"9450";"940"
"RT";"ŽUNIEI";"VINICA";"10340";"620"
"RT";"VINICA";"STARI TRG";"20220";"200"
"RT";"GABRJE";"TRDINOV VRH";"11279";"30"
"RT";"KANDRŠE";"VAEE-SP.HOTIE";"7616";"810"
"RT";"STAHOVICA";"KAM.BISTRICA";"8210";"515"
"RT";"PODLOM";"KR.RAK";"4540";"360"
"RT";"KR.RAK";"LUEE";"11431";"300"
"RT";"SOLEAVA";"PODOLŠEVA-SLEME";"10425";"40"
"RT";"SLEME";"KOPRIVNA";"5917";"50"
"RT";"KOPRIVNA";"ERNA";"7980";"350"
"RT";"ŽIBOVT";"SV.DUH-PODOLŠEVA";"10345";"40"
"RT";"MOZIRJE";"GOLTE";"4350";"1375"
"RT";"SP.HOEE";"ZG.HOEE";"3300";"4406"
"RT";"ZG. HOEE";"POHORSKA VZPENJAEA";"13275";"1230"
"RT";"AREH-ŠUMIK";"OSANKARICA-LUKANJA";"20920";"35"
"RT";"PESEK";"LUKANJA";"9450";"160"
"RT";"LUKANJA";"OPLOTNICA";"9370";"910"
"RT";"RIBNICA";"RIBNIŠKA KOEA";"9710";"120"
"RT";"SL.GRADEC";"SPOLE";"4500";"1260"
"RT";"SPOLE";"PUNGART";"10680";"220"
"RT";"BREG";"LISCA";"4650";"500"
"RT";"LISCA";"JURKLOŠTER";"7536";"360"
"RT";"SEŽANA";"LIPICA";"3494";"1898"
"RT";"LIPICA";"LOKEV";"4139";"1250"
"RT";"FRAM";"KOPIVNIK";"3600";"655"
"RT";"KOPIVNIK";"CESTNIK-AREH";"10300";"50"
"RT";"COL";"PREDMEJA";"14523";"600"
"RT";"BRESTRNICA";"GAJ-SV. JURIJ";"14162";"50"
"RT";"EERMOŠNJICE";"KOMARNA V.-GRIEICE";"6317";"50"
"RT";"MATAVUN";"VREME";"3707";"840"
"RT";"ZAVRHEK";"ARTVIŽE";"14830";"490"
"RT";"ARTVIŽE";"PREGARJE";"8758";"240"
"RT";"PREGARJE";"HARIJE";"7696";"510"
"RT";"GRABONOŠ";"RADENCI";"7399";"2084"
